{
  "max_dag_alpha_vs_ast_dag": 10.0,
  "max_dag_alpha_vs_ast_tree": 7.666666666666667,
  "max_eml_dag_compression": 5.382352941176471,
  "max_tree_alpha": 18.733333333333334,
  "mean_dag_alpha_vs_ast_dag": 5.24252227317617,
  "mean_dag_alpha_vs_ast_tree": 4.036107723777943,
  "mean_eml_dag_compression": 3.0608322420245515,
  "mean_tree_alpha": 12.250527857284991,
  "median_dag_alpha_vs_ast_dag": 5.25,
  "median_dag_alpha_vs_ast_tree": 4.0,
  "median_eml_dag_compression": 3.0634920634920637,
  "median_tree_alpha": 12.454545454545455,
  "p90_dag_alpha_vs_ast_dag": 6.5,
  "p90_dag_alpha_vs_ast_tree": 4.9,
  "p90_eml_dag_compression": 3.72,
  "p90_tree_alpha": 15.0,
  "p95_dag_alpha_vs_ast_dag": 6.857142857142857,
  "p95_dag_alpha_vs_ast_tree": 5.166666666666667,
  "p95_eml_dag_compression": 3.9358974358974357,
  "p95_tree_alpha": 15.642857142857142,
  "percent_below_threshold_dag_alpha_vs_ast_dag": 0.22,
  "percent_below_threshold_dag_alpha_vs_ast_tree": 0.22,
  "percent_below_threshold_tree_alpha": 0.06,
  "processed_count": 10000,
  "supported_count": 10000,
  "unsupported_count": 0
}