{
  "max_dag_alpha_vs_ast_dag": 7.875,
  "max_dag_alpha_vs_ast_tree": 5.444444444444445,
  "max_eml_dag_compression": 7.051282051282051,
  "max_tree_alpha": 17.366666666666667,
  "mean_dag_alpha_vs_ast_dag": 4.550634066244213,
  "mean_dag_alpha_vs_ast_tree": 3.4323505588013528,
  "mean_eml_dag_compression": 3.060560619100973,
  "mean_tree_alpha": 10.648995087903057,
  "median_dag_alpha_vs_ast_dag": 4.714285714285714,
  "median_dag_alpha_vs_ast_tree": 3.5,
  "median_eml_dag_compression": 3.1176470588235294,
  "median_tree_alpha": 11.375,
  "p90_dag_alpha_vs_ast_dag": 6.0,
  "p90_dag_alpha_vs_ast_tree": 4.25,
  "p90_eml_dag_compression": 3.9146341463414633,
  "p90_tree_alpha": 14.208333333333334,
  "p95_dag_alpha_vs_ast_dag": 6.3076923076923075,
  "p95_dag_alpha_vs_ast_tree": 4.444444444444445,
  "p95_eml_dag_compression": 4.159574468085107,
  "p95_tree_alpha": 14.733333333333333,
  "percent_below_threshold_dag_alpha_vs_ast_dag": 1.06,
  "percent_below_threshold_dag_alpha_vs_ast_tree": 1.06,
  "percent_below_threshold_tree_alpha": 0.0,
  "processed_count": 10000,
  "supported_count": 10000,
  "unsupported_count": 0
}